<?xml version="1.0" encoding="UTF-8"?>
<metadata xml:lang="en"><Esri><CreaDate>20220403</CreaDate><CreaTime>21532100</CreaTime><ArcGISFormat>1.0</ArcGISFormat><SyncOnce>TRUE</SyncOnce><DataProperties><lineage><Process ToolSource="c:\program files\arcgis\pro\Resources\ArcToolbox\toolboxes\Data Management Tools.tbx\DeleteField" Date="20220403" Time="215321">DeleteField ne_10m_admin_2_counties FEATURECLA;SCALERANK;ADM2_CODE;ISO_3166_2;ISO_A2;ADM0_SR "Delete Fields"</Process><Process ToolSource="c:\program files\arcgis\pro\Resources\ArcToolbox\toolboxes\Data Management Tools.tbx\DeleteField" Date="20220403" Time="215339">DeleteField ne_10m_admin_2_counties CODE_LOCAL;REGION;REGION_COD;ABBREV;AREA_SQKM;SAMEASCITY;LABELRANK;NAME_LEN;MAPCOLOR9;MAPCOLOR13;FIPS "Delete Fields"</Process><Process ToolSource="c:\program files\arcgis\pro\Resources\ArcToolbox\toolboxes\Data Management Tools.tbx\DeleteField" Date="20220403" Time="215352">DeleteField ne_10m_admin_2_counties GEONUNIT;GU_A3 "Delete Fields"</Process><Process ToolSource="c:\program files\arcgis\pro\Resources\ArcToolbox\toolboxes\Data Management Tools.tbx\DeleteField" Date="20220403" Time="215401">DeleteField ne_10m_admin_2_counties MIN_LABEL;MAX_LABEL;MIN_ZOOM;WIKIDATAID;NE_ID "Delete Fields"</Process><Process ToolSource="c:\program files\arcgis\pro\Resources\ArcToolbox\toolboxes\Data Management Tools.tbx\DeleteField" Date="20220403" Time="215418">DeleteField ne_10m_admin_2_counties NAME_ES;NAME_FA;NAME_FR;NAME_HE;NAME_HI;NAME_HU;NAME_ID;NAME_IT;NAME_JA;NAME_KO;NAME_NL;NAME_PL;NAME_PT;NAME_RU;NAME_SV;NAME_TR;NAME_UK;NAME_UR;NAME_VI;NAME_ZH;NAME_ZHT "Delete Fields"</Process><Process ToolSource="c:\program files\arcgis\pro\Resources\ArcToolbox\toolboxes\Data Management Tools.tbx\DeleteField" Date="20220403" Time="215428">DeleteField ne_10m_admin_2_counties NAME_AR;NAME_BN;NAME_DE;NAME_EL "Delete Fields"</Process></lineage></DataProperties></Esri></metadata>
