<?xml version="1.0" encoding="UTF-8"?>
<metadata xml:lang="en"><Esri><CreaDate>20220403</CreaDate><CreaTime>21491800</CreaTime><ArcGISFormat>1.0</ArcGISFormat><SyncOnce>TRUE</SyncOnce><DataProperties><lineage><Process ToolSource="c:\program files\arcgis\pro\Resources\ArcToolbox\toolboxes\Data Management Tools.tbx\DeleteField" Date="20220403" Time="214918">DeleteField ne_10m_admin_1_states_provinces featurecla "Delete Fields"</Process><Process ToolSource="c:\program files\arcgis\pro\Resources\ArcToolbox\toolboxes\Data Management Tools.tbx\DeleteField" Date="20220403" Time="215013">DeleteField ne_10m_admin_1_states_provinces name_ar "Delete Fields"</Process><Process ToolSource="c:\program files\arcgis\pro\Resources\ArcToolbox\toolboxes\Data Management Tools.tbx\DeleteField" Date="20220403" Time="215045">DeleteField ne_10m_admin_1_states_provinces name_bn;name_de;name_en;name_es;name_fr;name_el;name_hi;name_hu;name_id;name_it;name_ja;name_ko;name_nl;name_pl;name_pt;name_ru "Delete Fields"</Process><Process ToolSource="c:\program files\arcgis\pro\Resources\ArcToolbox\toolboxes\Data Management Tools.tbx\DeleteField" Date="20220403" Time="215059">DeleteField ne_10m_admin_1_states_provinces name_fa;name_zht;FCLASS_ISO;FCLASS_US;FCLASS_FR;FCLASS_RU;FCLASS_ES;FCLASS_CN "Delete Fields"</Process><Process ToolSource="c:\program files\arcgis\pro\Resources\ArcToolbox\toolboxes\Data Management Tools.tbx\DeleteField" Date="20220403" Time="215115">DeleteField ne_10m_admin_1_states_provinces name_ur;FCLASS_TW;FCLASS_IN;FCLASS_NP;FCLASS_PK;FCLASS_DE;FCLASS_GB;FCLASS_BR;FCLASS_IL;FCLASS_PS;FCLASS_SA;FCLASS_EG;FCLASS_MA;FCLASS_PT;FCLASS_AR;FCLASS_JP;FCLASS_KO;FCLASS_VN;FCLASS_TR;FCLASS_ID;FCLASS_PL;FCLASS_GR;FCLASS_IT;FCLASS_NL;FCLASS_SE;FCLASS_BD;FCLASS_UA "Delete Fields"</Process><Process ToolSource="c:\program files\arcgis\pro\Resources\ArcToolbox\toolboxes\Data Management Tools.tbx\DeleteField" Date="20220403" Time="215135">DeleteField ne_10m_admin_1_states_provinces sov_a3;adm0_a3;adm0_label "Delete Fields"</Process><Process ToolSource="c:\program files\arcgis\pro\Resources\ArcToolbox\toolboxes\Data Management Tools.tbx\DeleteField" Date="20220403" Time="215217">DeleteField ne_10m_admin_1_states_provinces scalerank;adm1_code;diss_me;iso_3166_2;wikipedia;iso_a2;adm0_sr;name_alt;name_local;type;code_local;code_hasc;note;hasc_maybe;region_cod;provnum_ne;gadm_level;check_me;datarank;abbrev;postal;sameascity;labelrank;name_len;mapcolor9;mapcolor13;fips;fips_alt;woe_id "Delete Fields"</Process><Process ToolSource="c:\program files\arcgis\pro\Resources\ArcToolbox\toolboxes\Data Management Tools.tbx\DeleteField" Date="20220403" Time="215228">DeleteField ne_10m_admin_1_states_provinces gns_id;gns_name;gn_level;gn_region;gn_a1_code "Delete Fields"</Process><Process ToolSource="c:\program files\arcgis\pro\Resources\ArcToolbox\toolboxes\Data Management Tools.tbx\DeleteField" Date="20220403" Time="215238">DeleteField ne_10m_admin_1_states_provinces sub_code;gns_level;gns_lang;gns_adm1;gns_region;min_label;max_label;min_zoom;wikidataid "Delete Fields"</Process><Process ToolSource="c:\program files\arcgis\pro\Resources\ArcToolbox\toolboxes\Data Management Tools.tbx\DeleteField" Date="20220403" Time="215251">DeleteField ne_10m_admin_1_states_provinces name_tr;name_vi;name_zh;ne_id;name_he "Delete Fields"</Process></lineage></DataProperties></Esri></metadata>
